{
    "serverMongodb": {
      "url": "mongodb+srv://",
      "username":"atique",
      "password":"atique",
      "serverUrl":"cluster0.dgfcd.mongodb.net",
      "port":"27017",
      "databaseName":"HuddleSocial"
    },
    "localMongodb": {
      "url": "mongodb://",
      "username":"",
      "password":"",
      "serverUrl":"localhost",
      "port":"27017",
      "databaseName":"HuddleSocial"
    },
    "AWS": {
      "accessKeyId":"AKIAI2Q6R2TZTVH2WZYQ",
      "secretAccessKey":"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",
      "region":"us-east-1",
      "bucket":"test-live-projects/social-profile-image"
    },
    "secret": "secret_key",
    "tokenExpires": 2000,
    "superSecret": "gOROfWnARLrbodzhKALrkTd1XTGTa6L3cuCAVKoohR2IishKtMvtZYliAhKpP7D",
    "port": 4000
  }
  